message;rubric
"Нужно сверстать дизайн по готовому примеру, т.е. создать новый макет для каждой страницы!";Задачи
Необходимо внести следующие изменения: На каждую страницу подгружать картинки с хостинга.;Задачи
Чтобы при нажатии на ссылку она загружалась автоматически.;Задачи
Также нужно будет изменить меню навигации и сделать его в одно место.;Задачи
Вставка изображений - Не нужно делать из картинок объекты.;задачи
Нужно сделать как показано на макете.;Задачи
"подменяешь просто свойство таблицы стилей background-image:url(путь до картинки или фугкция php на вытаскивание из базы); и всё;";Задачи
"можно ещё с помощью функции imagecreatefrompng из той же таблицы стилей сделать;";Задачи
"Есть ли способ, что я могу сделать это, как в фотошопе, где вы можете просто ввести текст и он будет отформатирован?";Задачи
"ты можешь сделать 1 страницу чисто прайс, а вторую как полное описание услуг.";Задачи
И на странице прайс у тебя будет ссылка на полную статью.;Задачи
А на странице описание просто будет список услуг с их описанием.;Задачи
"Спрошу ещё, ты мне не можешь рассказать, почему при вводе текста на сайте его размер увеличивается в 2 раза, это в wordpress?";Задачи
"Возможно, стоит изменить цвет фона и границы – на более четкие и менее контрастные.";Задачи
При разработке сайта должны быть использованы преимущественно светлые стили.;Задачи
Основные разделы сайта должны быть доступны с первой страницы.;Задачи
На первой странице не должно быть большого объема текстовой информации.;Задачи
"Главная страница сайта должна содержать графическую часть, навигационное меню сайта, а также контентную область для того, чтобы посетитель сайта с первой страницы мог получить вводную информацию о компании, а также ознакомиться с последними новостями компании.";Задачи
"Сайт должен быть оптимизирован для просмотра при разрешении 1024*768, 1280*1024 без горизонтальной полосы прокрутки и без пустых (белых) полей для основных типов разрешения.";Задачи
Элементы управления должны быть сгруппированы однотипно – горизонтально либо вертикально – на всех страницах.;Задачи
На каждой странице должны отображаться логотип компании и контактная информация.;Задачи
Интерфейс подключаемых модулей должен быть выполнен в едином стиле с интерфейсом ядра системы и должен обеспечивать возможность прозрачного перемещения администратора между модулями системы и использование одинаковых процедур управления и навигационных элементов для выполнения однотипных операций.;Задачи
"Сайт должен быть оформлен в светлых, желательно жёлто-бежевых тонах, а так же быть адаптивным для смартфонов и планшетов";Задачи
"Автоматизация полива деревьев должна включать в себя полив утром, днём, а так же в засушливую погоду";Задачи
"При разработке логотипа необходимо учитывать возрастную аудиторию продукции магазина, подстраиваться под их интересы и завлекать людей";Задачи
"чат-бот не должен работать от каждого сообщения пользователя, а лишь на определённые команды. Так же, он чат-бот должен быть защищён он перегрузок";Задачи
"Адаптивность сайта должна быть плавной, а так же писаться через пиксели, а не через относительную высоту и ширину";Задачи
"Описание сайта должно включать в себя их продукцию, а так же конечный продукт должен быть согласован с заказчиком";Задачи
"Автоматизация света в ТЦ должна работать не только от текущего времени, но так же от времени года и погоды на улице, поскольку всё это влияет на освещённость";Задачи
"На основной странице сайта не должно быть слишком много рекламы, а так же необходимо разместить страницу с заказами";Задачи
"Логотип должен быть оформлен в тёмных тонах, а текст на нём должен содержать светлые тона цветов. Логотип должен быть заметен";Задачи
"Второстепенные страницы сайта должны быть красиво расположены на основной странице сайта не только с компьютера, но и со смартфонов";Задачи
"Сайт навигации должен находиться строго сверху основной страницы, поскольку так будет понятно, куда переходить пользователю";Задачи
Подключить сайт к новому домену;Задачи
на странице нужно добавить в строку состояния (сбоку) кнопку "Послать электронное письмо всем посетителям моей страницы";Задачи
Создать базу данных с атрибутами;Задачи
Создать новую страницу на сайте;Задачи
Купить домен и хостинг;Задачи
Необходимо изменить цвет текста на странице;Задачи
"Сайт должен быть переделан , без серьезных изменений дизайна, но с добавлением некоторых блоков и кнопок";Задачи
На компьютере может быть установлен разный браузер для работы на разных платформах.;Задачи
Нужно поменять изображение на главной странице сайта;Задачи
Завершить работу над сайтом;Задачи
Автоматизировать работу всех баз данных компании позволит новая система корпоративного портала;Задачи
Купить новый домен;Задачи
Необходимо модернизироват сайт;Задачи
Удалить последний блок на сайте;Задачи
Надо заменить изображение на логотипе;Задачи
Проверить наличие связи программы со сторонними программами;Задачи
Измерить время работы программы;Задачи
Увеличить объем отправки сообщений пользователю;Задачи
Подготовить базу данных для работы с пользователем;Задачи
Оформить последнюю страницу на сайте;Задачи
Решить проблему с доменом;Задачи
Подключить телеграм бот к сайту;Задачи
Увеличить объем инвестиций в этот проект;Задачи
Найти реализацию алгоритма создания контактной формы на сайте;Задачи
Решить проблему с оптимизацией памяти программы;Задачи
Поменять изображение логотипа на сайте;Задачи
Сделать сайт адаптивным;Задачи
Поменять изображение и текст после него;Задачи
Задать цветовую панель для выбора цвета на сайте;Задачи
Обеспечить стабильное подключение к домену;Задачи
Собрать сайт за 20 минут или в течение трёх дней;Задачи
Заменить на странице меню и добавить фото для всех продуктов;Задачи
Сделать сайт более информативным;Задачи
Исправить работу кнопки меню;Задачи
Убрать из кода все ссылки;Задачи
Изменить дизайн операционной системы;Задачи
Можно добавить сложную функцию на сайт;Задачи
Изменить дизайн на главной странице;Задачи
Переделать все кнопки на странице;Задачи
Необходимо избавиться от ошибок;Задачи
Создать таблицу со всеми полезными ссылками;Задачи
Добавить раздел про программирование;Задачи
Убрать из текста последний абзац;Задачи
Создать стабильное подключение;Задачи
"Поменять логотип сайта, он меня бесит";Задачи
Поменять в боте ответы на более сложные;Задачи
Попытаться решить проблему с адаптивностью;Задачи
"Создать логотип сайта, желательно красивый";Задачи
Составить таблицу со всеми возможными решениями проблемы;Задачи
Сделайте этот код проще;Задачи
Сообразите как сайт должен реагировать на запросы пользователей;Задачи
Завершить проект с сайтом;Задачи
Добавить панель для управления яркостью экрана;Задачи
Снизить время выполнения алгоритма;Задачи
Получить разрешение на разработку проекта;Задачи
Написать техническое задание для создания сайта пользователя;Задачи
Внедрить системы искусственного интеллекта;Задачи
Поменяй все условия и циклы;Задачи
"Упростить тест на сайте, он слишком сложный";Задачи
Поменять меню и добавить кнопку на главную страницу;Задачи
Автоматизируй все объемные вычисления;Задачи
Поменяй эти страшные картинки;Задачи
"Я хочу, чтобы они светились красным цветом, а не зеленым";Задачи
Завершить работу на базой данных;Задачи
Напиши отчет по конференции и пришли его мне;Задачи
Все убрать и все переделать;Задачи
Цену на сайт надо поднять;Задачи
Адаптировать Расположение иконок;Задачи
Адаптировать Блоки текста;Задачи
Адаптировать Адрес;Задачи
Адаптировать изображения;Задачи
Адаптировать регистрацию;Задачи
Адаптировать авторизацию;Задачи
Адаптировать онлайн-магазин;Задачи
Адаптировать цвета;Задачи
Адаптировать цветовой фон;Задачи
Адаптировать задний фон;Задачи
Адаптировать бекграунд;Задачи
Адаптировать переход по ссылкам;Задачи
Адаптировать основную страницу;Задачи
Адаптировать второстепенные страницы;Задачи
Адаптировать размер;Задачи
Адаптировать навигацию;Задачи
Адаптировать кнопки;Задачи
Адаптировать ссылки;Задачи
Адаптировать цвет блоков текста;Задачи
Адаптировать количество пикселей текста;Задачи
Поменять Расположение иконок;Задачи
Поменять Блоки текста;Задачи
Поменять Адрес;Задачи
Поменять изображения;Задачи
Поменять регистрацию;Задачи
Поменять авторизацию;Задачи
Поменять онлайн-магазин;Задачи
Поменять цвета;Задачи
Поменять цветовой фон;Задачи
Поменять задний фон;Задачи
Поменять бекграунд;Задачи
Поменять переход по ссылкам;Задачи
Поменять основную страницу;Задачи
Поменять второстепенные страницы;Задачи
Поменять размер;Задачи
Поменять навигацию;Задачи
Поменять кнопки;Задачи
Поменять ссылки;Задачи
Поменять цвет блоков текста;Задачи
Поменять количество пикселей текста;Задачи
Подвинуть Расположение иконок;Задачи
Подвинуть Блоки текста;Задачи
Подвинуть Адрес;Задачи
Подвинуть изображения;Задачи
Подвинуть регистрацию;Задачи
Подвинуть авторизацию;Задачи
Подвинуть онлайн-магазин;Задачи
Подвинуть цвета;Задачи
Подвинуть цветовой фон;Задачи
Подвинуть задний фон;Задачи
Подвинуть бекграунд;Задачи
Подвинуть переход по ссылкам;Задачи
Подвинуть основную страницу;Задачи
Подвинуть второстепенные страницы;Задачи
Подвинуть размер;Задачи
Подвинуть навигацию;Задачи
Подвинуть кнопки;Задачи
Подвинуть ссылки;Задачи
Подвинуть цвет блоков текста;Задачи
Подвинуть количество пикселей текста;Задачи
Перенести Расположение иконок;Задачи
Перенести Блоки текста;Задачи
Перенести Адрес;Задачи
Перенести изображения;Задачи
Перенести регистрацию;Задачи
Перенести авторизацию;Задачи
Перенести онлайн-магазин;Задачи
Перенести цвета;Задачи
Перенести цветовой фон;Задачи
Перенести задний фон;Задачи
Перенести бекграунд;Задачи
Перенести переход по ссылкам;Задачи
Перенести основную страницу;Задачи
Перенести второстепенные страницы;Задачи
Перенести размер;Задачи
Перенести навигацию;Задачи
Перенести кнопки;Задачи
Перенести ссылки;Задачи
Перенести цвет блоков текста;Задачи
Перенести количество пикселей текста;Задачи
Включать Расположение иконок;Задачи
Включать Блоки текста;Задачи
Включать Адрес;Задачи
Включать изображения;Задачи
Включать регистрацию;Задачи
Включать авторизацию;Задачи
Включать онлайн-магазин;Задачи
Включать цвета;Задачи
Включать цветовой фон;Задачи
Включать задний фон;Задачи
Включать бекграунд;Задачи
Включать переход по ссылкам;Задачи
Включать основную страницу;Задачи
Включать второстепенные страницы;Задачи
Включать размер;Задачи
Включать навигацию;Задачи
Включать кнопки;Задачи
Включать ссылки;Задачи
Включать цвет блоков текста;Задачи
Включать количество пикселей текста;Задачи
заменить Расположение иконок;Задачи
заменить Блоки текста;Задачи
заменить Адрес;Задачи
заменить изображения;Задачи
заменить регистрацию;Задачи
заменить авторизацию;Задачи
заменить онлайн-магазин;Задачи
заменить цвета;Задачи
заменить цветовой фон;Задачи
заменить задний фон;Задачи
заменить бекграунд;Задачи
заменить переход по ссылкам;Задачи
заменить основную страницу;Задачи
заменить второстепенные страницы;Задачи
заменить размер;Задачи
заменить навигацию;Задачи
заменить кнопки;Задачи
заменить ссылки;Задачи
заменить цвет блоков текста;Задачи
заменить количество пикселей текста;Задачи
Отремонтировать Расположение иконок;Задачи
Отремонтировать Блоки текста;Задачи
Отремонтировать Адрес;Задачи
Отремонтировать изображения;Задачи
Отремонтировать регистрацию;Задачи
Отремонтировать авторизацию;Задачи
Отремонтировать онлайн-магазин;Задачи
Отремонтировать цвета;Задачи
Отремонтировать цветовой фон;Задачи
Отремонтировать задний фон;Задачи
Отремонтировать бекграунд;Задачи
Отремонтировать переход по ссылкам;Задачи
Отремонтировать основную страницу;Задачи
Отремонтировать второстепенные страницы;Задачи
Отремонтировать размер;Задачи
Отремонтировать навигацию;Задачи
Отремонтировать кнопки;Задачи
Отремонтировать ссылки;Задачи
Отремонтировать цвет блоков текста;Задачи
Отремонтировать количество пикселей текста;Задачи
Установить Расположение иконок;Задачи
Установить Блоки текста;Задачи
Установить Адрес;Задачи
Установить изображения;Задачи
Установить регистрацию;Задачи
Установить авторизацию;Задачи
Установить онлайн-магазин;Задачи
Установить цвета;Задачи
Установить цветовой фон;Задачи
Установить задний фон;Задачи
Установить бекграунд;Задачи
Установить переход по ссылкам;Задачи
Установить основную страницу;Задачи
Установить второстепенные страницы;Задачи
Установить размер;Задачи
Установить навигацию;Задачи
Установить кнопки;Задачи
Установить ссылки;Задачи
Установить цвет блоков текста;Задачи
Установить количество пикселей текста;Задачи
изменить Расположение иконок;Задачи
изменить Блоки текста;Задачи
изменить Адрес;Задачи
изменить изображения;Задачи
изменить регистрацию;Задачи
изменить авторизацию;Задачи
изменить онлайн-магазин;Задачи
изменить цвета;Задачи
изменить цветовой фон;Задачи
изменить задний фон;Задачи
изменить бекграунд;Задачи
изменить переход по ссылкам;Задачи
изменить основную страницу;Задачи
изменить второстепенные страницы;Задачи
изменить размер;Задачи
изменить навигацию;Задачи
изменить кнопки;Задачи
изменить ссылки;Задачи
изменить цвет блоков текста;Задачи
изменить количество пикселей текста;Задачи
добавить Расположение иконок;Задачи
добавить Блоки текста;Задачи
добавить Адрес;Задачи
добавить изображения;Задачи
добавить регистрацию;Задачи
добавить авторизацию;Задачи
добавить онлайн-магазин;Задачи
добавить цвета;Задачи
добавить цветовой фон;Задачи
добавить задний фон;Задачи
добавить бекграунд;Задачи
добавить переход по ссылкам;Задачи
добавить основную страницу;Задачи
добавить второстепенные страницы;Задачи
добавить размер;Задачи
добавить навигацию;Задачи
добавить кнопки;Задачи
добавить ссылки;Задачи
добавить цвет блоков текста;Задачи
добавить количество пикселей текста;Задачи
поменять местами Расположение иконок;Задачи
поменять местами Блоки текста;Задачи
поменять местами Адрес;Задачи
поменять местами изображения;Задачи
поменять местами регистрацию;Задачи
поменять местами авторизацию;Задачи
поменять местами онлайн-магазин;Задачи
поменять местами цвета;Задачи
поменять местами цветовой фон;Задачи
поменять местами задний фон;Задачи
поменять местами бекграунд;Задачи
поменять местами переход по ссылкам;Задачи
поменять местами основную страницу;Задачи
поменять местами второстепенные страницы;Задачи
поменять местами размер;Задачи
поменять местами навигацию;Задачи
поменять местами кнопки;Задачи
поменять местами ссылки;Задачи
поменять местами цвет блоков текста;Задачи
поменять местами количество пикселей текста;Задачи
переделать Расположение иконок;Задачи
переделать Блоки текста;Задачи
переделать Адрес;Задачи
переделать изображения;Задачи
переделать регистрацию;Задачи
переделать авторизацию;Задачи
переделать онлайн-магазин;Задачи
переделать цвета;Задачи
переделать цветовой фон;Задачи
переделать задний фон;Задачи
переделать бекграунд;Задачи
переделать переход по ссылкам;Задачи
переделать основную страницу;Задачи
переделать второстепенные страницы;Задачи
"Поступил заказ от компании SimbirSoft, им нужно очень красиво сверстать американский сайт. За работу хорошо платят";Работа
"Миша, до завтрашнего дня необходимо доделать программу для умного чайника";Работа
Кто готов сверстать сайт для компании американской? плаття много;Работа
Нужны люди для наполнения сайта. Задачи даются порционно.;Работа
Мне нужно продвижение моей ПРОДУКЦИИ на англоязычных порталах .;Работа
"Здравствуйте, я бы хотел раскрутить свою группу вконтакте по продаже мебели";Работа
"Здравствуйте, мне необходимо написать сайт с интернет-магазином для моей компании";Работа
Одна из Ульяновских компаний заказала интернет-магазин;Работа
Пиццерия "Шарлотка" ищет сотрудника из нашей компании для создания чат-бота по заказу пиццы. Бот должен работать в телеграме;Работа
"Мебельная компания ""Ахмет"" заказала создание их собственного логотипа, который будет связан с мебелью";Работа
Из Самары поступила работа. Вейп-шопу необходимо создать дизайнерское оформление для их сайта;Работа
"Сбербанк обратился к нашей компании, чтобы мы переделали внутреннюю часть их оффициального сайта, поскольку та работает некорректно";Работа
"Наша компания была выбрана, чтобы сделать оффициальный сайт правительства нашей ульяновской области";Работа
"К нам поступил заказ от иностранной компании ""Picarito"" на создание для них сайта, в котором будет доступен заказ их продукции. Сделать всё надо красиво";Работа
"Нужен программист, который готов сделать серию сайтов для одной иностранной компании. В неё входит ещё несколько компаний, для каждой из которых необходимо написать свой собственный, уникальный сайт. Кто из вас возьмёт это?";Работа
От компании "Samsung" поступил заказ на создание ПО для умного чайника и робота-пылесоса. Их необходимо сделать до нового года;Работа
"К нам поступил заказ на создание ПО для одного из дешёвейших телефонов, который производит одна малоизвестная российская компания. ";Работа
ТЦ "Оптимус" заказал разработку нескольких рекламных баннеров для рекламы их ТЦ;Работа
Надо  сделать автоматизацию подачи заявлений в различные гос. органы на различные тематики;Работа
"УлГУ заказал сделать сайт для их вуза, на котором будет информация о каждом факультете ";Работа
Необходимо автоматизировать производство кошачьего корма на заводе "Mars";Работа
Одна из школ Ульяновска сделала заказ на создание специального приложения для тестирования школьников;Работа
Ульяновский педагогический колледж №4 подал заявку на создание для их СУЗ нового логотипа;Работа
"От компании ""додопицца"" поступил заказ на создание чат-бота в telegram, который будет отвечать на вопросы покупателей об акциях, ценах и пр.";Работа
ТЦ "Аквамолл" запросил сделать для них автоматизацию включения и выключения света в бутиках и во  всём торговом центре;Работа
"Один из Московских ТЦ сделал заказ на создание Искуственного интеллекта, который будет следить за безопасностью в тц и в случае чего вызывать полицию";Работа
Небольшая компания по созданию мебели заказали автоматизацию по производству седушек для их диванов;Работа
Для одной иностранной компании необходимо сделать сайт под ключ;Работа
"В России появилась новая компания по производству клавиатур, для их клавиатур необходимо написать ПО";Работа
Робот-пылесос от компании "Xiaomi" работает неккорректно на территории РФ. Представитель компании заказал отладку и ремонт ПО пылесоса;Работа
Ювелирный магазин "Sokolov" сделал заказ на создание рекламного ролика для их компании;Работа
необходимо сверстать сайт по образцу (это не в коем случае не плагиат) и внести некоторые изменения.;Работа
Агрофирме "СпелоеЯблоко" необходимо автоматизировать полив их деревьев в теплице;Работа
От завода по производству макарошек поступил запрос на создание защиты их внутреннего ПО от взлома;Работа
Появился стартап на тему обработки данных Компания Fetchbot предлагает вакансию. Есть желающие?;Работа
"Поступило предложение от компании Яндекс, нужно написать приложение для вызова такси";Работа
"Для сайта одного известного человека необходим дизайнер, платят хорошо.";Работа
Команда Яндекс ищет молодого специалиста для работы с CEO.;Работа
Необходим стажёр на должность PHP-разработчик;Работа
Mediasoft заказал редизайн своего сайта;Работа
"Поступил заказ на создание приложения для умного веника. Отечественная разработка, команда ищет новые лица, оплата договорная";Работа
Очень известная компания предложила создать запоминающийся лэндинг;Работа
"Очень известная российская IT компания ищет талантливого junior разработчика на Python, который будет участвовать в проектах разного уровня сложности.";Работа
Поступил заказ на создание сайта от одной компании из Екатеринбурга. На сайте нужно было реализовать систему "умный дом".;Работа
Приглашаю всех на рабочую конференцию. Прошу всех перейти по ссылке;Работа
Сегодня наша команда разработчиков постаралась и сделала хороший проект;Работа
Прошу пройти всех регистрацию на сайте организации;Работа
Наша организация вошла в топ 5 по области;Работа
Организация расширяется и становится корпорацией;Работа
Появилось новое и простое решение сложной проблемы с адаптацией;Работа
Теперь мы занимаемся не только сайтами на и мобильными приложениями;Работа
Сегодня нам поступил заказ на создание умного принтера;Работа
Одна компания из США заказала у нас около 10 сайтов с адаптивностью;Работа
"За прошедший год наша компания создала около 500 сайтов, 100 ПО и 250 логотипов";Работа
Одно из направлений нашей компании - создание сайтов;Работа
"It-компания создаёт свои сайты хуже нас, мы делаем сайты и ПО гораздо лучше";Работа
Нам поступил заказ на создание сайта для магазина мебели;Работа
Задание на сегодня: необходимо сделать сайт с возможностью онлайн заказа еды;Работа
Компании надо создать адаптивный сайт;Работа
Нам поступил заказ на оформление сайта для компании по созданию мебели;Работа
Нужно создать программное обеспечение для компании по производству оружия;Работа
От компании "Xiamoi" поступил заказ на создание ПО для умного дома;Работа
От пиццерии нашего города поступил заказ на создание для них сайта для их компании;Работа
"Скоро в нашей компании будут создавать не только сайты, но и ПО для различных вещей";Работа
"Компания по производству микрофонов обратилась к нам , чтобы мы создали ПО для их микрофона нового";Работа
Компания "VOOPOO" заказала у нашей компании ПО для их нового пода;Работа
Необходимо разработать сайт с использованием PHP;Работа
"У нас заказали сайт, который будет написан на C#";Работа
Одна из компаний по созданию компьютерных игр заказала у нас полное создание игры;Работа
"Требуется выполнить логотип для компании, производящей телефоны";Работа
"Необходимо создать такое ПО, которое будет работать и с компьютерами, и с телефонами";Работа
Поступил заказ на создание автоматизированной системы полива в теплицах;Работа
"Одному из заводов Москвы нужно ПО, которое автоматизирует работу на станках";Работа
Компания "ПризываНет" ищет людей для создания им сайта;Работа
Необходимо создать логотип для компании по производству гречки;Работа
ТЦ "Самолёт" заказал у нас автоматизированную систему по отключению света в здании;Работа
"Одному из ТЦ Москвы нужно создать охранную систему, которая будет предвещать терракты";Работа
"Необходимо создать охранную систему, которая будет предупреждать о пожаре";Работа
Нужно создать сайт с добавлением на него бота;Работа
Один из известных людей Франции заказал у нас создать сайт с его личной биографией;Работа
Компания по созданию компьютеров заказала у нас ролик для пиара их компании;Работа
Компании принтеров "brother" необходимо создать ПО для их новейшего принтера;Работа
Компания по созданию Мониторов заказала создание драйверов для их устройств;Работа
"Нужно написать такую программу, которая сможет сама создавать программы";Работа
"Необходимо создать логотип и сделать сайт, похожий на логотип";Работа
УлГТУ заказал у нашей компании создать им красивый сайт для их вуза;Работа
От МГУ поступил заказ на создание умного турникета;Работа
Поступил заказ на организацию умного дома;Работа
Наша компания умеет создавать ПО для многих умных вещей;Работа
Игровая компания заказала у нас создать простую 2d игру;Работа
Компании "Bloody" необходимо создать ПО для их компьютерных мышей;Работа
К нам поступил заказ на создание сайта для компании по производству клавиатур;Работа
"Необходимо создать сайт на PHP , на котором будет доступен заказ товаров";Работа
Наша компания скоро научиться сама создавать Умные Вещи;Работа
ПО для многих умных вещей в России создано нашими сотрудниками;Работа
"Одна из московских компаний обратилась к нам, чтобы мы создали им логотип для их компании и сайт, похожий на логотип";Работа
"ТЦ ""Парус"" заказал у нашей компании ПО, которая будет самостоятельно следить за безопасностью в ТЦ";Работа
Министерство спорта РФ заказало у нас сайт для соревнований по боксу;Работа
"Нашей компании поручили создание сайта с электронным голосованием, которое намного легче фальсифицировать";Работа
"К нам поступил заказ на создание ПО, которое будет следить за отсутствием фальсификации на выборах";Работа
Компания "Samsung" Заказала создать сайт;Работа
Компания "Samsung" Заказала создать чат-бота;Работа
Компания "Samsung" Заказала создать охранную систему;Работа
Компания "Samsung" Заказала создать ПО;Работа
Компания "Samsung" Заказала создать умный чайник;Работа
Компания "Samsung" Заказала создать умного робота-пылесоса;Работа
Компания "Samsung" Заказала создать автоматизированную систему производства;Работа
Компания "Samsung" Заказала создать Логотип;Работа
Компания "Samsung" Заказала создать оформление сайта;Работа
Компания "Samsung" Заказала создать новый дизайн сайта;Работа
Компания "Samsung" Заказала создать Редизайн;Работа
Компания "Samsung" Заказала создать программное обеспечение;Работа
Компания "Samsung" Попросила сделать за деньги сайт;Работа
Компания "Samsung" Попросила сделать за деньги чат-бота;Работа
Компания "Samsung" Попросила сделать за деньги охранную систему;Работа
Компания "Samsung" Попросила сделать за деньги ПО;Работа
Компания "Samsung" Попросила сделать за деньги умный чайник;Работа
Компания "Samsung" Попросила сделать за деньги умного робота-пылесоса;Работа
Компания "Samsung" Попросила сделать за деньги автоматизированную систему производства;Работа
Компания "Samsung" Попросила сделать за деньги Логотип;Работа
Компания "Samsung" Попросила сделать за деньги оформление сайта;Работа
Компания "Samsung" Попросила сделать за деньги новый дизайн сайта;Работа
Компания "Samsung" Попросила сделать за деньги Редизайн;Работа
Компания "Samsung" Попросила сделать за деньги программное обеспечение;Работа
Компания "Samsung" Обратилась к нам чтобы мы создали им сайт;Работа
Компания "Samsung" Обратилась к нам чтобы мы создали им чат-бота;Работа
Компания "Samsung" Обратилась к нам чтобы мы создали им охранную систему;Работа
Компания "Samsung" Обратилась к нам чтобы мы создали им ПО;Работа
Компания "Samsung" Обратилась к нам чтобы мы создали им умный чайник;Работа
Компания "Samsung" Обратилась к нам чтобы мы создали им умного робота-пылесоса;Работа
Компания "Samsung" Обратилась к нам чтобы мы создали им автоматизированную систему производства;Работа
Компания "Samsung" Обратилась к нам чтобы мы создали им Логотип;Работа
Компания "Samsung" Обратилась к нам чтобы мы создали им оформление сайта;Работа
Компания "Samsung" Обратилась к нам чтобы мы создали им новый дизайн сайта;Работа
Компания "Samsung" Обратилась к нам чтобы мы создали им Редизайн;Работа
Компания "Samsung" Обратилась к нам чтобы мы создали им программное обеспечение;Работа
Компания "Xiaomi" Заказала создать сайт;Работа
Компания "Xiaomi" Заказала создать чат-бота;Работа
Компания "Xiaomi" Заказала создать охранную систему;Работа
Компания "Xiaomi" Заказала создать ПО;Работа
Компания "Xiaomi" Заказала создать умный чайник;Работа
Компания "Xiaomi" Заказала создать умного робота-пылесоса;Работа
Компания "Xiaomi" Заказала создать автоматизированную систему производства;Работа
Компания "Xiaomi" Заказала создать Логотип;Работа
Компания "Xiaomi" Заказала создать оформление сайта;Работа
Компания "Xiaomi" Заказала создать новый дизайн сайта;Работа
Компания "Xiaomi" Заказала создать Редизайн;Работа
Компания "Xiaomi" Заказала создать программное обеспечение;Работа
Компания "Xiaomi" Попросила сделать за деньги сайт;Работа
Компания "Xiaomi" Попросила сделать за деньги чат-бота;Работа
Компания "Xiaomi" Попросила сделать за деньги охранную систему;Работа
Компания "Xiaomi" Попросила сделать за деньги ПО;Работа
Компания "Xiaomi" Попросила сделать за деньги умный чайник;Работа
Компания "Xiaomi" Попросила сделать за деньги умного робота-пылесоса;Работа
Компания "Xiaomi" Попросила сделать за деньги автоматизированную систему производства;Работа
Компания "Xiaomi" Попросила сделать за деньги Логотип;Работа
Компания "Xiaomi" Попросила сделать за деньги оформление сайта;Работа
Компания "Xiaomi" Попросила сделать за деньги новый дизайн сайта;Работа
Компания "Xiaomi" Попросила сделать за деньги Редизайн;Работа
Компания "Xiaomi" Попросила сделать за деньги программное обеспечение;Работа
Компания "Xiaomi" Обратилась к нам чтобы мы создали им сайт;Работа
Компания "Xiaomi" Обратилась к нам чтобы мы создали им чат-бота;Работа
Компания "Xiaomi" Обратилась к нам чтобы мы создали им охранную систему;Работа
Компания "Xiaomi" Обратилась к нам чтобы мы создали им ПО;Работа
Компания "Xiaomi" Обратилась к нам чтобы мы создали им умный чайник;Работа
Компания "Xiaomi" Обратилась к нам чтобы мы создали им умного робота-пылесоса;Работа
Компания "Xiaomi" Обратилась к нам чтобы мы создали им автоматизированную систему производства;Работа
Компания "Xiaomi" Обратилась к нам чтобы мы создали им Логотип;Работа
Компания "Xiaomi" Обратилась к нам чтобы мы создали им оформление сайта;Работа
Компания "Xiaomi" Обратилась к нам чтобы мы создали им новый дизайн сайта;Работа
Компания "Xiaomi" Обратилась к нам чтобы мы создали им Редизайн;Работа
Компания "Xiaomi" Обратилась к нам чтобы мы создали им программное обеспечение;Работа
Ульяновская Школа Заказала создать сайт;Работа
Ульяновская Школа Заказала создать чат-бота;Работа
Ульяновская Школа Заказала создать охранную систему;Работа
Ульяновская Школа Заказала создать ПО;Работа
Ульяновская Школа Заказала создать умный чайник;Работа
Ульяновская Школа Заказала создать умного робота-пылесоса;Работа
Ульяновская Школа Заказала создать автоматизированную систему производства;Работа
Ульяновская Школа Заказала создать Логотип;Работа
Ульяновская Школа Заказала создать оформление сайта;Работа
Ульяновская Школа Заказала создать новый дизайн сайта;Работа
Ульяновская Школа Заказала создать Редизайн;Работа
Ульяновская Школа Заказала создать программное обеспечение;Работа
Ульяновская Школа Попросила сделать за деньги сайт;Работа
Ульяновская Школа Попросила сделать за деньги чат-бота;Работа
Ульяновская Школа Попросила сделать за деньги охранную систему;Работа
Ульяновская Школа Попросила сделать за деньги ПО;Работа
Ульяновская Школа Попросила сделать за деньги умный чайник;Работа
Ульяновская Школа Попросила сделать за деньги умного робота-пылесоса;Работа
Ульяновская Школа Попросила сделать за деньги автоматизированную систему производства;Работа
Ульяновская Школа Попросила сделать за деньги Логотип;Работа
Ульяновская Школа Попросила сделать за деньги оформление сайта;Работа
Ульяновская Школа Попросила сделать за деньги новый дизайн сайта;Работа
Ульяновская Школа Попросила сделать за деньги Редизайн;Работа
Ульяновская Школа Попросила сделать за деньги программное обеспечение;Работа
Ульяновская Школа Обратилась к нам чтобы мы создали им сайт;Работа
Ульяновская Школа Обратилась к нам чтобы мы создали им чат-бота;Работа
Ульяновская Школа Обратилась к нам чтобы мы создали им охранную систему;Работа
Ульяновская Школа Обратилась к нам чтобы мы создали им ПО;Работа
Ульяновская Школа Обратилась к нам чтобы мы создали им умный чайник;Работа
Ульяновская Школа Обратилась к нам чтобы мы создали им умного робота-пылесоса;Работа
Ульяновская Школа Обратилась к нам чтобы мы создали им автоматизированную систему производства;Работа
Ульяновская Школа Обратилась к нам чтобы мы создали им Логотип;Работа
Ульяновская Школа Обратилась к нам чтобы мы создали им оформление сайта;Работа
Ульяновская Школа Обратилась к нам чтобы мы создали им новый дизайн сайта;Работа
Ульяновская Школа Обратилась к нам чтобы мы создали им Редизайн;Работа
Ульяновская Школа Обратилась к нам чтобы мы создали им программное обеспечение;Работа
УлГТУ Заказала создать сайт;Работа
УлГТУ Заказала создать чат-бота;Работа
УлГТУ Заказала создать охранную систему;Работа
УлГТУ Заказала создать ПО;Работа
УлГТУ Заказала создать умный чайник;Работа
УлГТУ Заказала создать умного робота-пылесоса;Работа
УлГТУ Заказала создать автоматизированную систему производства;Работа
УлГТУ Заказала создать Логотип;Работа
УлГТУ Заказала создать оформление сайта;Работа
УлГТУ Заказала создать новый дизайн сайта;Работа
УлГТУ Заказала создать Редизайн;Работа
УлГТУ Заказала создать программное обеспечение;Работа
УлГТУ Попросила сделать за деньги сайт;Работа
УлГТУ Попросила сделать за деньги чат-бота;Работа
УлГТУ Попросила сделать за деньги охранную систему;Работа
УлГТУ Попросила сделать за деньги ПО;Работа
УлГТУ Попросила сделать за деньги умный чайник;Работа
УлГТУ Попросила сделать за деньги умного робота-пылесоса;Работа
УлГТУ Попросила сделать за деньги автоматизированную систему производства;Работа
УлГТУ Попросила сделать за деньги Логотип;Работа
УлГТУ Попросила сделать за деньги оформление сайта;Работа
УлГТУ Попросила сделать за деньги новый дизайн сайта;Работа
УлГТУ Попросила сделать за деньги Редизайн;Работа
УлГТУ Попросила сделать за деньги программное обеспечение;Работа
УлГТУ Обратилась к нам чтобы мы создали им сайт;Работа
УлГТУ Обратилась к нам чтобы мы создали им чат-бота;Работа
УлГТУ Обратилась к нам чтобы мы создали им охранную систему;Работа
УлГТУ Обратилась к нам чтобы мы создали им ПО;Работа
УлГТУ Обратилась к нам чтобы мы создали им умный чайник;Работа
УлГТУ Обратилась к нам чтобы мы создали им умного робота-пылесоса;Работа
УлГТУ Обратилась к нам чтобы мы создали им автоматизированную систему производства;Работа
УлГТУ Обратилась к нам чтобы мы создали им Логотип;Работа
УлГТУ Обратилась к нам чтобы мы создали им оформление сайта;Работа
УлГТУ Обратилась к нам чтобы мы создали им новый дизайн сайта;Работа
УлГТУ Обратилась к нам чтобы мы создали им Редизайн;Работа
УлГТУ Обратилась к нам чтобы мы создали им программное обеспечение;Работа
Иностранная компания Заказала создать сайт;Работа
Иностранная компания Заказала создать чат-бота;Работа
Иностранная компания Заказала создать охранную систему;Работа
Иностранная компания Заказала создать ПО;Работа
Иностранная компания Заказала создать умный чайник;Работа
Иностранная компания Заказала создать умного робота-пылесоса;Работа
Иностранная компания Заказала создать автоматизированную систему производства;Работа
Иностранная компания Заказала создать Логотип;Работа
Иностранная компания Заказала создать оформление сайта;Работа
Иностранная компания Заказала создать новый дизайн сайта;Работа
Иностранная компания Заказала создать Редизайн;Работа
Иностранная компания Заказала создать программное обеспечение;Работа
Иностранная компания Попросила сделать за деньги сайт;Работа
Иностранная компания Попросила сделать за деньги чат-бота;Работа
Иностранная компания Попросила сделать за деньги охранную систему;Работа
Иностранная компания Попросила сделать за деньги ПО;Работа
Иностранная компания Попросила сделать за деньги умный чайник;Работа
Иностранная компания Попросила сделать за деньги умного робота-пылесоса;Работа
Иностранная компания Попросила сделать за деньги автоматизированную систему производства;Работа
Иностранная компания Попросила сделать за деньги Логотип;Работа
Иностранная компания Попросила сделать за деньги оформление сайта;Работа
Иностранная компания Попросила сделать за деньги новый дизайн сайта;Работа
Иностранная компания Попросила сделать за деньги Редизайн;Работа
Иностранная компания Попросила сделать за деньги программное обеспечение;Работа
Иностранная компания Обратилась к нам чтобы мы создали им сайт;Работа
Иностранная компания Обратилась к нам чтобы мы создали им чат-бота;Работа
Иностранная компания Обратилась к нам чтобы мы создали им охранную систему;Работа
Иностранная компания Обратилась к нам чтобы мы создали им ПО;Работа
Иностранная компания Обратилась к нам чтобы мы создали им умный чайник;Работа
Иностранная компания Обратилась к нам чтобы мы создали им умного робота-пылесоса;Работа
Иностранная компания Обратилась к нам чтобы мы создали им автоматизированную систему производства;Работа
Иностранная компания Обратилась к нам чтобы мы создали им Логотип;Работа
Иностранная компания Обратилась к нам чтобы мы создали им оформление сайта;Работа
Иностранная компания Обратилась к нам чтобы мы создали им новый дизайн сайта;Работа
Иностранная компания Обратилась к нам чтобы мы создали им Редизайн;Работа
Иностранная компания Обратилась к нам чтобы мы создали им программное обеспечение;Работа
Торговый Центр Заказала создать сайт;Работа
Торговый Центр Заказала создать чат-бота;Работа
Торговый Центр Заказала создать охранную систему;Работа
Торговый Центр Заказала создать ПО;Работа
Торговый Центр Заказала создать умный чайник;Работа
Торговый Центр Заказала создать умного робота-пылесоса;Работа
Торговый Центр Заказала создать автоматизированную систему производства;Работа
Торговый Центр Заказала создать Логотип;Работа
Торговый Центр Заказала создать оформление сайта;Работа
Торговый Центр Заказала создать новый дизайн сайта;Работа
Торговый Центр Заказала создать Редизайн;Работа
Торговый Центр Заказала создать программное обеспечение;Работа
Торговый Центр Попросила сделать за деньги сайт;Работа
Торговый Центр Попросила сделать за деньги чат-бота;Работа
Торговый Центр Попросила сделать за деньги охранную систему;Работа
Торговый Центр Попросила сделать за деньги ПО;Работа
Торговый Центр Попросила сделать за деньги умный чайник;Работа
Торговый Центр Попросила сделать за деньги умного робота-пылесоса;Работа
Торговый Центр Попросила сделать за деньги автоматизированную систему производства;Работа
Торговый Центр Попросила сделать за деньги Логотип;Работа
Торговый Центр Попросила сделать за деньги оформление сайта;Работа
Торговый Центр Попросила сделать за деньги новый дизайн сайта;Работа
Торговый Центр Попросила сделать за деньги Редизайн;Работа
Торговый Центр Попросила сделать за деньги программное обеспечение;Работа
Торговый Центр Обратилась к нам чтобы мы создали им сайт;Работа
Торговый Центр Обратилась к нам чтобы мы создали им чат-бота;Работа
Торговый Центр Обратилась к нам чтобы мы создали им охранную систему;Работа
Торговый Центр Обратилась к нам чтобы мы создали им ПО;Работа
Торговый Центр Обратилась к нам чтобы мы создали им умный чайник;Работа
Торговый Центр Обратилась к нам чтобы мы создали им умного робота-пылесоса;Работа
Торговый Центр Обратилась к нам чтобы мы создали им автоматизированную систему производства;Работа
Торговый Центр Обратилась к нам чтобы мы создали им Логотип;Работа
Торговый Центр Обратилась к нам чтобы мы создали им оформление сайта;Работа
Торговый Центр Обратилась к нам чтобы мы создали им новый дизайн сайта;Работа
Торговый Центр Обратилась к нам чтобы мы создали им Редизайн;Работа
Торговый Центр Обратилась к нам чтобы мы создали им программное обеспечение;Работа
министерство спорта РФ Заказала создать сайт;Работа
министерство спорта РФ Заказала создать чат-бота;Работа
министерство спорта РФ Заказала создать охранную систему;Работа
министерство спорта РФ Заказала создать ПО;Работа
министерство спорта РФ Заказала создать умный чайник;Работа
министерство спорта РФ Заказала создать умного робота-пылесоса;Работа
министерство спорта РФ Заказала создать автоматизированную систему производства;Работа
министерство спорта РФ Заказала создать Логотип;Работа
министерство спорта РФ Заказала создать оформление сайта;Работа
министерство спорта РФ Заказала создать новый дизайн сайта;Работа
министерство спорта РФ Заказала создать Редизайн;Работа
министерство спорта РФ Заказала создать программное обеспечение;Работа
министерство спорта РФ Попросила сделать за деньги сайт;Работа
министерство спорта РФ Попросила сделать за деньги чат-бота;Работа
министерство спорта РФ Попросила сделать за деньги охранную систему;Работа
"В нашей версии дорожной карты рассказываем, в каком порядке нужно изучать Python, чтобы пройти путь от основ до веб-разработки, тестирования, науки о данных или машинного обучения.";Работа
"Список библиотек (для Python, PHP, Ruby, JS и Go), инструментов и API для парсинга веб-страниц и обработки данных.";Работа
"Обучение построено от самого легкого к более сложному, поэтому сейчас может показаться, что это трудно, а на деле все идет просто и легко по шагам. (Обучение будет проходить на английском языке)";Работа
"Хотя есть онлайн-ресурсы для изучения C++, многие разработчики по-прежнему предпочитают книги. Несмотря на изобилие классических пособий, за последние 2 года опубликовано множество превосходных книг по этому языку. В небольшом обзоре мы отобрали десять лучших.";Работа
"Мы собрали 6 преподавателей, действующих тестировщиков высокого уровня из топовый компаний, например, Disney.";Работа
"В статье описываются основные преимущества и недостатки Windows 10. Приводится пошаговая инструкция по установке и переустановке операционной системы. Рассматриваются проблемы, которые могут возникнуть, и способы их решения.";Работа
"Обобщения (generics) необходимы в тех случаях, когда мы не можем заранее знать тип данных, который будем использовать. Они есть во многих языках программирования. Сегодня мы расскажем про обобщения в C# – материал будет полезен для начинающих разработчиков.";Работа
Proglib совместно с преподавателями МГУ сделали курс по математике в data science. ;Работа
"Начинаем серию статей о реализации популярных алгоритмов и структур данных в JavaScript. Не факт, что веб-разработчику придется делать самому, скажем, пузырьковую сортировку, но про нее часто спрашивают на собеседованиях. К тому же знание общих подходов к решению подобных задач позволяет писать более качественный код.";Работа
"Тинькофф ищет разработчиков в мобильный банк, чтобы делать вместе с нами суперапп в России! У нас сильная команда, и мы ищем таких же коллег: ";Работа
"Вчера из каждого утюга доносилась информация о проблемах с Facebook, Instagram и WhatsApp";Работа
"Ставим Джумлу на выделенный сервер (стек LEMP), настраиваем фаервол и переносим готовый сайт на второй сервер. Linux, консоль. Ready, steady, go!";Работа
"Последнее десятилетие породило, пожалуй, главную аббревиатуру: ABCD — Always Be Collecting Data.";Работа
Книги остаются одним из самых популярных и экономичных способов получения необходимых знаний в сфере ИТ. Мы подготовили подборку актуальной литературы для начинающих и опытных специалистов DevOps.;Работа
"Если раньше трейдинг считался прерогативой состоятельных инвесторов и крупных игроков криптовалютной сферы, то сегодня на биржах торгуют даже ваши знакомые. Хотите к ним присоединиться? Для начала стоит разобраться с основными понятиями.";Работа
"Вместе с аудиторией Сергей разберет, как проводятся CustDev'ы в компании OZON. А также проведет 1-2 проблемных коротких интервью по созданному на занятии сценарию.";Работа
"Узнайте, как разработчик может использовать LinkedIn для получения лучших предложений о работе по всему миру.";Работа
"По данным сервиса SuperJob, средние рыночные заработные платы в сфере информационных технологий в Москве за 2 года выросли на 39.5%. Заработные платы молодых IT-специалистов также растут.";Работа
"Так вот, на YouTube-канале JavaScript.ru (https://www.youtube.com/c/JavaScriptru-videos) публикуются короткие и простые видеоуроки по Git, с помощью которых можно с нуля изучить данную систему контроля версий. Погнали:";Работа
"Канал ведет Ксения, бэкенд-разработчица из Германии, у которой за плечами опыт участия в больших проектах на различных ЯП: Ruby, C#, Java, Perl и Python. На канале среди прочего Ксения рассказывает о карьере в IT и иммиграции в Германию.";Работа
"Ozon приглашает Go разработчиков уровня middle+ на “Here we Go”. Приходи и получи привлекательный оффер в команду, которую выберешь ты!";Работа
"Когда-то этот язык был нужен для добавления интерактивности веб-страницам, а теперь на нем пишут мощные приложения и активно используют его на стороне сервера. Читайте подборку актуальной литературы по JavaScript на русском языке.";Работа
Вместе с ростом IoT растёт и потребность в IoT-разработчиках. Как поймать и удержаться на волне популярности Internet of Things?;Работа
"С повышением объёмов данных растёт необходимость их защиты. Здесь как раз требуется DevSecOps, где DevOps – процесс разработки и доставки программы, а частица Sec отвечает за защиту этого приложения.";Работа
"Если вы хотите создавать мир будущего своими руками, читайте обзор лучших ютуб-каналов про робототехнику, теоретические основы электротехники (ТОЭ), программирование микроконтроллеров и мини-компьютеров.";Работа
"Технологии AR/VR считаются относительно новым направлением, поэтому найти по ним толковую учебную литературу непросто. Читайте подборку проверенных временем книг, получивших высокую оценку читателей и критиков.";Работа
"Parimatch Tech запускает Hiring Week — проект по привлечению новых талантов в свою команду. DevOps, Python и .Net специалисты уровня Middle и выше могут получить оффер за несколько часов и одно собеседование — без дополнительных скринингов и тестов.";Работа
"У платформы для изучения криптографии CryptoHack появился целый курс. Даже если у вас нет учетной записи, вы можете посетить все испытания и погрузиться в крипто-головоломки.";Работа
"В предыдущей статье мы разложили по полочкам навигацию в WebView. Самое время разобраться, как подружить SwiftUI с JavaScript, поскольку без этого языка программирования не обходится ни один современный сайт или мобильное приложение.";Работа
"1 октября в Москве пройдет Russia Open Source Summit, где на одной площадке соберутся все, кто в России создает программное обеспечение на основе открытого кода.";Работа
"Из предыдущей статьи мы узнали, что такое Kaggle и какие разделы предлагает этот ресурс. Теперь разберемся с одним из самых базовых соревнований Kaggle – House Prices";Работа
"Продвинутые советы по Git Workflow от Khalid Abuhakmeh, Developer Advocate в JetBrains.";Работа
"Технологии постоянно совершенствуются и все глубже проникают в жизнь человека, меняя ее и заставляя нас иначе смотреть на обыденные вещи. Поговорим о невзаимозаменяемых токенах (NFT) и причинах их популярности.";Работа
Команда «Библиотеки программиста» хотела бы исследовать вопрос для дальнейшего развития проекта и посему просим вас выделить пару минут своего времени на гугл форму.;Работа
"Чтение специальной литературы помогает создателям контента и разработчикам VR/AR лучше разобраться в особенностях иммерсивных технологий. Мы собрали список актуальных книг о виртуальной и дополненной реальности, которые подойдут как новичкам так и профессионалам.";Работа
"Java – объектно-ориентированный язык, и если спросить, какую роль в нем играют классы, первым в голову приходит создание объектов. Выделим ещё три важных роли этой конструкция языка, помимо самой очевидной.";Работа
"Рассказываем о концепции модулей в Unreal Engine, зависимостях между ними, а также о том, как реализовывать модули, собирать их, загружать и использовать.";Работа
"Выступление топовых спикеров из научных институтов, вузов, IT-сферы";Работа
"В этой статье мы поговорим о том, что такое move semantics, зачем и когда она нужна, и как при помощи этого механизма оптимизировать программы на C++.";Работа
"Создание игр всегда захватывает, но требует от программиста хорошего знания матчасти. Какой язык программирования стоит выбрать для движка Unreal Engine 4? С++ или Blueprint? Попробуем разобраться.";Работа
"Что такое графический интерфейс PostgreSQL? Зачем он нужен? Как это может помочь вам в управлении базами данных? Узнайте о лучшем программном обеспечении Postgre GUI, которое можно попробовать в 2021 году.";Работа
"Начинающему дата сайентисту необходима практика, а Kaggle решает эту проблему. Из статьи вы узнаете, как лучше всего начать работу с популярным сервисом.";Работа
Ищите пособия по UX/UI? Эти десять полезных книг помогут углубить ваши знания в области дизайна интерфейса и пользовательского опыта. В обзор вошли лучшие издания на русском и английском языке;Работа
"Цитата отлично отражает и наше программистское ремесло. Нашли для вас подборку материалов, в которых описан процесс разработки клона sqlite с нуля на C. Полезно для тех, кто хочет изучить внутреннее устройство баз данных.";Работа
"Fredrik Holmqvist, инженер-программист из Швеции, описывает краткую историю языков программирования и хвалит Golang.";Работа
"Машинное обучение – это не просто подбор правильных параметров для модели. Рабочие процессы ML зависят от построения и отбора признаков. В сообществах специалистов по Data Science эти понятия ошибочно отождествляют. Разберемся, для чего нам нужны признаки, а также изучим особенности реализации техники feature engineering.";Работа
"Современные IT-компании продвигают формат опционов в качестве вознаграждения за выполненную работу. Правда, некоторые работники и за доход-то их не считают и не суммируют с заработной платой.";Работа
"Если вы никогда не слышали про подкаст Радио-Т, то много потеряли. Это еженедельный HiTech подкаст на русском языке. ";Работа
"Изучишь REST API – останешься в Стране Чудес, и я покажу тебе, насколько глубоко уходит кроличья нора и как удобнее всего в нее нырнуть.";Работа
"Чтобы раскрыть тему workflow работы с Git, авторы подкаста отыскали человека, который подсадил на него весь Яндекс.";Работа
"На курсе разберём твои ошибки при разработке на С++, прокачаем твои навыки и научим писать софт для беспилотников, роботов, видео-игр и мобильных устройств.";Работа
"Использование рекомендаций Open Web Application Security Project (OWASP) давно стало стандартом обеспечения безопасности веб-приложений. Давайте разберемся, какие 10 уязвимостей организация считает наиболее опасными на данный момент.";Работа
"Продолжая знакомиться с Kubernetes, разберемся с проверкой работоспособности приложений (Health check probe) и рассмотрим объект Ingress, который позволит сделать приложения кластера доступными из интернета.";Работа
"Вы начнете с сортировки и поиска, а по мере развития навыков алгоритмического мышления будете решать более сложные задачи. Каждый представленный пример включает диаграммы и примеры кода на Python.";Работа
"25 сентября пройдёт новый One Day Offer для фронтендеров. One Day Offer — это онлайн-встреча, на которой можно получить оффер за один день.";Работа
"Эта книга не предназначена для подробного изучения основных концепций SQL, а скорее выступает справочником, к которому обращаешься, когда забыл синтаксис SQL или столкнулся с незнакомым набором инструментов для работы с базами данных на проекте.";Работа
"Поделитесь в комментариях, какие принципы или ценности Agile используются в ваших компаниях / командах. Или вы, как и многие другие, относитесь к agile-подходу скептически?";Работа
"С помощью JavaScript можно делать одно и то же разными способами. JavaScript развивается с выпуском каждой новой спецификации ECMAScript, добавляя новые методы и операторы, чтобы сделать код короче и где-то более читабельным.";Работа
"Методы и техники анализа Big Data: Machine Learning, Data mining, краудсорсинг, нейросети, предиктивный и статистический анализ, визуализация, смешение и интеграция данных, имитационные модели. Как разобраться во множестве названий и аббревиатур? Читайте наш путеводитель.";Работа
"Порог входа в сфере тестирования ПО довольно низок, но стать высококлассным инженером по Quality Assurance непросто: Вячеслав Зимин рассказал нашему корреспонденту о своем пути в профессию.";Работа
"Как стать специалистом по Big Data? Какое направление выбрать: Data Scientist, Data Analyst или Data Engineer? С чего начать изучение этого направления, разберем информацию для начинающих IT-шников.";Работа
"О тестировщиках стали говорить все чаще. Правда ли, что у специалистов по Quality Assurance низкая зарплата? Развеем мифы и рассмотрим советы по поиску работы в сфере QA и QC.";Работа
"Опытные программисты на C и C++ не испытывают проблем с поиском работы, но для изучения этих непростых языков вам понадобится огромное желание, терпение, усидчивость и подборка ресурсов от «Библиотеки программиста».";Работа
Рассматриваем практическое применение supervised NLP модели fastText для обнаружения сарказма в новостных заголовках.;Работа
"Название говорит само за себя — Distributed Deep Learning in Open Collaborations, где под открытой коллаборацией подразумевается объединение мощностей компьютеров энтузиастов со всего мира. В конце статьи можно отыскать ссылки на библиотеку и transformer-модель для бенгальского языка (эксперимент на основе DeDLOC).";Работа
"В этой статье мы поговорим об умных указателях в C++, зачем они нужны, чем различаются указатели owning и non-owning и почему нельзя всегда использовать new/delete для создания и удаления объектов.";Работа
"Хорошая новость: это не сводка новостей, а описание новой онлайн-игры от X5 Tech «RE: Tail», в которой ты можешь продемонстрировать свои навыки кодинга! На выбор множество популярных языков: Python, JS, C#, C++ и др. Каждого участника ждут увлекательные задания с элементами искусственного интеллекта, 7 пасхалок и 1 скрытая мини-игра.";Работа
"Практический онлайн-курс «NoSQL» от OTUS посвящен самым популярным решениям: Cassandra, MongoDB, Redis, ClickHouse, Tarantool, Kafka, Neo4j, RabbitMQ и т.д. ";Работа
"Язык программирования Rust приходит на смену С++. Правда это или нет, давайте разбираться.";Работа
"Кстати, «Библиотека программиста» отобрала для вас лучшие на российском рынке труда предложения по разным направлениям: Python, C/C++, Java, JavaScript, PHP, Data Science, Quality Assurance, DevOps и другим непонятным аббревиатурам и сокращениям.";Работа
Кого мы ждем: инженеров по автоматизации тестирования на Java/ Python уровня Middle + (с опытом от двух лет).;Работа
"QA практика в Санкт-Петербурге – это 500+ высококлассных специалистов в области тестирования и 100+ активных проектов. Мы приглашаем новых сотрудников присоединиться к EPAM не только в Санкт-Петербурге, где уже есть наши офисы, но и в формате удаленной работы из любого уголка страны. Для автоматизации тестирования мы используем Java, C#, Python, JavaScript + специфичные для каждого языка фреймворки (Selenium, JDI, Rest Assured, RestSharp, requests и другие).";Работа
"Знакомим читателей с основами Machine Learnng и платформой Kaggle, а также пробуем решить учебный датасет Titanic.";Работа
"Настало время проверить уровень ваших практических навыков в Java. Пройдите наш тест и узнайте, насколько хорошо вы владеете этим популярным языком программирования.";Работа
"Любому разработчику, который пользовался услугами Яндекс Go было бы интересно узнать, как сервис устроен программно.";Работа
"Используя Python и Selenium, получим все плейлисты и альбомы из Яндекс.Музыки, а с помощью библиотеки spotipy перенесем фонотеку в Спотифай.";Работа
"С тобой сложно, но без тебя невозможно. Посвящается текстовой консоли, работе в командной строке и причинам, по которым эту премудрость стоит освоить начинающему инженеру по Quality Assurance.";Работа
"Если вы знаете платформу 1С как свои пять пальцев или только собираетесь ее осваивать, эта подборка точно для вас.";Работа
Появившиеся в React 16.8 хуки позволяют использовать состояние и прочие возможности фреймворка без написания классов. В небольшом обзоре приводятся 15 наиболее полезных из них.;Работа
Angular усложняет разработку UI и увеличивает расходы компаний. Пора от него избавиться?;Работа
"Внутри отрасли DevOps успели сложиться узкие прикладные направления – осваивающему профессию новичку нужно представлять, какая комбинация навыков потребуется для каждого из них. Рассказываем про отличия основных специализаций в небольшом обзоре.";Работа
"Stack Overflow опубликовал результаты опроса разработчиков, в котором приняло участие более 80 000 человек. Технологии и языки, за которые платят больше всего, прикрепили к посту в качестве затравки, а остальные интересные факты читайте в статье ??.";Работа
"Изучив основы и подготовив тестовый полигон, мы переходим к практической части. Сегодня разберем, как создать первое приложение на Python + Flask и развернуть его в кластере k8s.";Работа
"На Java, Python, С/С++, JavaScript и PHP пишут миллионы разработчиков, но хорошему специалисту нужно постоянно изучать что-то новое. Разберемся с редкими, необычными и/или недооцененными языками программирования, на которые стоит обратить внимание.";Работа
"Книга представляет собой практическое введение в программирование с использованием Python. Задачи взяты из реальных соревнований по программированию и затрагивают те самые основы, которые позволяют получить четкое представление о структурах данных, алгоритмах и других основах программирования. ";Работа
Что собой представляет 1С? Как стать программистом 1С? Есть ли у начинающего разработчика возможность удаленной занятости. Как программисту 1С уйти во фриланс? Отвечаем на эти и другие вопросы новичков в небольшом обзоре.;Работа
Кто такой разработчик 1С? Какие еще профессии есть в мире 1С? Как стать программистом 1С? Каковы достоинства и недостатки этой профессии? На эти и другие вопросы корреспонденту «Библиотеки программиста» ответил Александр Андреев.;Работа
"C# держится на высоких позициях в рейтингах языков программирования, а с появлением новой версии .NET 6 (preview) он выглядит еще более многообещающим. Попробуем разобраться, есть ли смысл новичку начинать с C# освоение профессии разработчика.";Работа
"Для подготовки теста Yandex.Cloud проанализировали свой опыт (управляемые базы данных используют внутри сервисов Яндекса, команда создала ClickHouse (https://cloud.yandex.ru/blog/posts/2020/10/managed-clickhouse-overview?utm_source=telegram&utm_medium=social&utm_term=test&utm_content=post_2607&utm_campaign=proglibrary) и участвует в разработке других открытых проектов, например, PostgreSQL (https://cloud.yandex.ru/blog/posts/2021/07/managed-postgresql-overview?utm_source=telegram&utm_medium=social&utm_term=test&utm_content=post_2607&utm_campaign=proglibrary)) и опыт своих пользователей. Подробнее о том, почему выбирают управляемые сервисы, можно прочитать в статье (https://cloud.yandex.ru/blog/posts/2021/03/mdb-advantages?utm_source=telegram&utm_medium=social&utm_term=test&utm_content=post_2607&utm_campaign=proglibrary).";Работа
"Шаг за шагом пишем сайт с бэкендом на Django, фронтендом на Vue и связкой между ними на GraphQL. Для всех любителей Python и современной веб-разработки.";Работа
"Платформа Apple пользуется огромной популярностью – это привлекает начинающих разработчиков мобильных игр. Разбираемся, какие инструменты придется изучить новичку, чтобы создать очередной хит для AppStore.";Работа
"Метод k-ближайших соседей (k Nearest Neighbors, или kNN) – популярный алгоритм классификации, который используется в разных типах задач машинного обучения. Наравне с деревом решений это один из самых понятных подходов к классификации.";Работа
"Покупали в интернете пиццу или суши? Скорее всего ресторан получил ваш заказ через WebOrders. Корреспондент «Библиотеки программиста» поговорил о применимости и перспективах C# с Владимиром Каратаевым, разработчиком сервиса.";Работа
"Лучшее руководство для новичков по пониманию, созданию и обучению GAN с надежным кодом на Python.";Работа
"Небольшая подборка малоизвестных техник для HTML, CSS и JavaScript.";Работа
"В руководстве подробно рассматривается пример использования Python-библиотеки облачного представления приложений Streamlit и системы компьютерной вёрстки LaTeX для подготовки сложных аналитических отчетов с математическими, программными и графическими вставками";Работа
"DevOps – одна из самых сложных областей, в которой чтобы отлично справляться и оставаться актуальным, вам нужно постоянно учиться. Рассмотрим 5 проектов, способных в этом помочь.";Работа
Становимся более крутыми JavaScript-разработчиками с помощью семи популярных репозиториев на GitHub. Не теряя ни минуты приступаем к рассмотрению.;Работа
"Создание приложений для iOS – одно из самых перспективных направлений в IT. Наш корреспондент пообщался с программистом-фрилансером из Голландии, который трудится в этой сфере уже 11 лет. Он рассказал о своем пути в iOS, Swift и SwiftUI, а также о будущем iOS-разработки.";Работа
"Раньше приложения на Ruby не отличались высокой скоростью выполнения, но проекты на этом языке появлялись сотнями. Сейчас создатели языка провели работу над ошибками и его будущее стало намного светлее. Разберемся, где можно изучить Ruby и Ruby on Rails в 2021 году.";Работа
"Все это благодаря тесной коммуникации с экспертами на лекциях и погружению в продвинутые темы: архитектура игр, AI, переход к DOTS, Cinemachine и т.д.";Работа
министерство спорта РФ Попросила сделать за деньги ПО;Флуд
"Сегодня таксист попался такой добродушный, мы всю дорогу с ним разговаривали";Флуд
"Вчера моей доченьке исполнилось 7 лет, я очень рада этому";Флуд
"Кто куда, а я лично хожу в тренажёрный зал";Флуд
"Меня сегодня чуть не сбили около офиса, чёртов мотоциклист пронёсся прямо передо мной";Флуд
"А я себе сегодня взял щеночка с улицы, никак не могу налюбоваться";Флуд
"Кто-нибудь в курсе, есть ли у нас в городе хороший ресторан, хочу сводить туда свою вторую половинку";Флуд
"Ребят, у меня для вас всех печальная новость, я ухожу из нашей дружной компании. Всем спасибо за всё.";Флуд
"Вася, ты лучше всех из нас разбираешься в машинах, какую мне иномарку взять до 1 млн рублей?";Флуд
Продам рено логан чёрного цвета двадцатого века;Флуд
"сегодня у моей бабули умерла кошка, так жалко, бабуля вся на нервах";Флуд
"Вчера какой-то ненормальный ломился в дверь подъезда, чёртовы алкаши на улицах";Флуд
"Сдавал сегодня на права, и прикиньте, я смог сдать, никогда не думал, что этот день настанет";Флуд
"народ, а на улице сегодня холодно или нет? а то я опаздываю и вот думаю, что надеть";Флуд
"Какая школа лучше 65 или 69, они обе около меня, не знаю куда своего сына отдать";Флуд
Есть у кого-то номер хорошого парикмахера? я хотела сделать себе осветление;Флуд
"У меня сегодня родила кошка дома, я теперь бабушка, получается";Флуд
Мой папугай сегодня сказал мне привет;Флуд
Кто-то может помочь мне с переноской мебели дома? делаю ремонт;Флуд
"Хочу выбрать новый ноутбук себе для работы, какой можете посоветовать?";Флуд
"Собаку подобрал сегодня с улицы, никому не нужна? вроде собака похожа на лабрадора";Флуд
"Ребята, я наконец вышла замуж! Мы просто расписались, без пышной свадьбы";Флуд
"Купил себе сегодня новый телефон, не могу вам не похвастаться, коллеги)";Флуд
"Завтра на работу я не смогу придти, у меня там семейные дела";Флуд
"Где лучше купить дом, на севере или в дальнем засвияжье?";Флуд
"какой робот-пылесос я могу себе купить домой? Кого порекомендуете, ребята? а то собака линяет";Флуд
"Учительница в школе сегодня поставила моей дочери оценку 2 ни за что, что за фигня, ребят, как с этим разобраться";Флуд
Вы за кого будете голосовать 19 сентября в государственную думу?;Флуд
"я сегодня купила консеры, и они блин просроченные, как деньги то вернуть теперь";Флуд
"На меня подали в суд, потому что я шумела после 10 часов вечера, хоть я ничего и не делала, офигели соседи";Флуд
"Народ, какой лучше автомобиль подарить своей жене, хочу купить теслу за 30 лямов";Флуд
"Смотрите, какую шутку я нашёл в интернете .ахахаха, собака убежала от кошки ахахаха";Флуд
"Сегодня будет митинг, пошлите все гулять, народ. Поддержим !!!!";Флуд
"Я такое платье сегодня купила, просто пушка.";Флуд
"Недавно рыбу огромную поймал. 10кг весила, прикиньте.";Флуд
От меня жена ушла. К лучшему другу!!;Флуд
"Какая погода сегодня прекрасная, давайте прогуляемся после работы?";Флуд
"Кать, а ты отчёт сделала? Я вот не успеваю.";Флуд
"У моего ребёнка ангина, не посоветуете чем лечить?";Флуд
Может быть кто-нибудь одолжит денег на проезд?;Флуд
"Ой. А наш Васька умер, оказывается. Вот беда!";Флуд
"Когда я сюда пришёл, меня избили. Неприятная ситуация.";Флуд
Сколько обед стоит? 100 рублей хватит на нормальную порцию?;Флуд
Может быть вы перестанете открывать окна? Дует!!!;Флуд
"Сколько можно шуметь? Идите болтать в другое место, это работа.";Флуд
"Меня недавно оштрафовали за то, что был без маски.";Флуд
Ой. Цветок засох. Почему никто его не поливал?;Флуд
"Говорила мне мама, учись, сынок, а то будешь...джаваскриптёром...";Флуд
Можно терпеть силу...можно пить...текилу;Флуд
А давайте в бар сегодня вечером?;Флуд
"Давно не собирались все вместе, вспомним студенческие времена.";Флуд
Налог за мусор!!!Что дальше? За воздух платить???;Флуд
Эхх...в баньку бы...;Флуд
А вы добавляете моркову в оливье?;Флуд
"В детстве меня укусила собака, поэтому я сейчас здесь.";Флуд
"Мама, хватит писать от моего имени в этом чате...";Флуд
"Хочу на недельку в Испанию скататься, может кто посоветовать отель хороший?";Флуд
"Катя, выходи за меня!";Флуд
Завтра приглашаю вас на свадьбу.;Флуд
В Челябинске на завод упал котик прямиком из космоса. Прикол?;Флуд
Новый сериал меня напрягает;Флуд
Знаешь сколько кринжа в этом фильме?;Флуд
Я вчера слишком много пил. Что мне делать?;Флуд
Я слишком устал;Флуд
Я посмотрел новый фильм и главного героя в нем убили в первой серии;Флуд
"С днем рождения, Наташ";Флуд
"С Рождеством всех, любимые";Флуд
"Прощайте, я переезжаю. Приятно было с вами работать";Флуд
Номер скорой 01?;Флуд
"Нужен кому-нибудь старый фотоаппарат, не дорого?";Флуд
Я календарь переверну и снова 3 сентября;Флуд
Прочитал свой гороскоп на сегодня и стало грустно;Флуд
Со светлой Пасхой!;Флуд
Сколько обед стоит в столовке?;Флуд
Где у вас туалет на 3 этаже?;Флуд
"Прочитал, что скоро люди полетят на Марс. Прикольно";Флуд
Как можно назвать ребенка?;Флуд
Всех с наступающим!;Флуд
"Пошлите пить, я угощаю";Флуд
А пчела плотоядная или травоядная?;Флуд
Никто не хочет поиграть сегодня?;Флуд
Какую книгу можно почитать?;Флуд
Хотите прикол? Нас закрывают на карантин;Флуд
Когда корпоратив и где?;Флуд
Приглашаю на новоселье;Флуд
"Мальчики, с 23 февраля!";Флуд
"Ребят, халява";Флуд
Помогите мне пожалуйста донести вещи;Флуд
У меня сегодня очень плохое настроение;Флуд
Сколько собака может без еды и воды жить? Я забыл ее в Испании;Флуд
Отопление еще не включили?;Флуд
А лифт работает или нет? Я устал подниматься на 6 этаж;Флуд
"С новым годом, с новым счастьем!";Флуд
Всем хороших выходных!;Флуд
Давайте устроим конкурс на лучший костюм;Флуд
"Я заболел, я ухожу на больничный, меня завтра не будет";Флуд
"Выздоравливай быстрее, я устал работать за тебя!";Флуд
"А в столовой обед вкусный, никто не отравился?";Флуд
С сеглдняшнего дня я соблюдаю диету! Знайте все!;Флуд
А булка из пекарни напротив очень вкуская оказывается;Флуд
"Я съел сегодня грибы, так что завтра на работу не ждите";Флуд
"вчера пришёл сын и сказал, что хочет стать, как я";Флуд
"Сегодня купил PS5, ребята, зацените";Флуд
"Народ, что лучше, ноутбук от яблока или самсунговский";Флуд
"Ребят, какой лучше выбрать микрофон для записи видео";Флуд
как начать стрим на ютубе;Флуд
"мне изменила жена, прикиньте, ну я её и выкинул из дома";Флуд
"завтра будет ровно 10 лет, как умер деда петя";Флуд
Давайте соберёмся сегодня побухать;Флуд
"ребят, какое виски лучше Вильям лоусон или джим бим";Флуд
"Петя, ты забыл свой телефон на работе, приди за ним или я его заберу";Флуд
"А точно, ты же забыл свой телефон";Флуд
ахахаха значит это мой телефон;Флуд
"Ребят, удалите эту фигню из нашего чата, все мы взрослые люди";Флуд
"нет, я не буду удалять мем с собаками";Флуд
"вчера купил себе щенка чихуауа, а оказалась крыса";Флуд
"Какой-то урод на улице толкнул меня, ну я и разбил ему нос";Флуд
"Меня сегодня забрала полиция в участок, не понимаю, что им нужно";Флуд
"Купил себе новую клавиатуру, а она сломалась от одного моего удара, это странно";Флуд
Кто забыл свою шапку у меня на столе? забирайте или выкину;Флуд
"Завтра будет митинг, пошлите погуляем по улицам";Флуд
"Аахахахах видели бы вы сейчас, как упала Катя";Флуд
"Миша только что хлопнул дверью и сказал, что он уходит. печально";Флуд
вчера у меня появился новый член семьи - котёнок жора;Флуд
"Жора сегодня насрал мне в портфель, вот гад";Флуд
"у меня тоже такое было, но с собакой. животные они такие";Флуд
АХахах зацените видосик;Флуд
"Что ты вообще кидаешь, это отвратительно";Флуд
Да смешно же;Флуд
"Прикиньте, у меня сестра женилась на президенте нигерии";Флуд
ахахах теперь она НИГРЕТЯНКА;Флуд
"Купил сегодня шкаф домой, поднимаю его одной рукой";Флуд
Я записался в качалку. так что теперь не вздумайте надо мной шутить;Флуд
"ребята, зацените, какой я накаченный";Флуд
"Народ, завтра у меня день рождение, все зайдите ко мне в кабинет за куском тортика";Флуд
"Пошлите завтра пить ко мне, отдохнём, чипсы, кола";Флуд
"Я купил сегодня сухарики, а они несвежие";Флуд
"Вчера подарил бабуле фиалку, а фиалка сгнила, чёрт";Флуд
"У меня около дома строят церковь, кто хочет помолиться со мной?";Флуд
Кто хочет пойти со мной на день города в выходные?;Флуд
"Я вчера подобрал с улицы собаку и пристроил её, такой я молодец";Флуд
"Автомат кофе сломался в столовой, есть у кого-то кофеёк?";Флуд
Почему-то мои наушники сломались. Я всего лишь их с ноги ударил;Флуд
Никто не хочет пойти поиграть в монополию со мной?;Флуд
кто пойдёт в майнкрафт играть;Флуд
пошлите сегодня футбол погоняем;Флуд
"ребята, давайте завтра поздравим Петю, ему 80 лет исполняется";Флуд
"у нашего директора завтра др, поэтому го сложимся на подарок";Флуд
Почему вы не общаетесь со мной?;Флуд
"надоели, я ухожу";Флуд
"Прикиньте, васька женился на кате с 3 этажа";Флуд
"Вот же гад, а мне изменил";Флуд
"Ты сама в этом виновата, надь";Флуд
Я просто пошла в клуб;Флуд
"Пришлите фотографии котиков, мне грустно";Флуд
"Вчера купил себе кота-шотландца, он так много ест";Флуд
Почему моя собака блюёт мне на обувь?;Флуд
"Вчера выгуливал своего кота, так он с собакой подрался соседской";Флуд
"Ребята, в какой район лучше переехать из кендоса? ";Флуд
"Переезжай к нам в новый город, тихо тут  и красиво";Флуд
"ахаха красиво, ты чё смеёшься, там просто панельные дома";Флуд
Зато тут нет гопоты;Флуд
И то верно;Флуд
Теперь давайте поиграем в слова;Флуд
"У нас перерыв, пошлите в буфет за пирожками";Флуд
"Зачем тебе пирожки? ты и так толстая, кушай лучше салатики";Флуд
Ты чё не за бодипозитив;Флуд
"Фу, нет, я за ЗОЖ";Флуд
"Ребят, какое пиво лучше купить, тёмное или светлое";Флуд
"Купил себе игровое кресло, теперь буду кататсья по дому";Флуд
"ахаха школьник купил себе кресло. настоящие мужики покупают себе теслу, как я";Флуд
"но ты же купил её для свой жены, каблук чёртов";Флуд
"Нееееет, я не каблуууууууук";Флуд
"Съел вчера пиццу с грибами, крутит живот, что со мной?";Флуд
"ну так надо было кушать пиццу с колбасой и сыром, а не всякими там грибами";Флуд
Ну я хотел экзотики;Флуд
"Пацаны и дамы, кто хочет поехать со мной в аквапарк";Флуд
"Завтра будет 10 лет нашей компании, я одену рубашку";Флуд
"да ну эти рубашки, я приду как обычно в худи";Флуд
"Некультурный ты, вась, настоящие мужики носят рубашки";Флуд
"Иди скажи это своей жене, которой ты теслу купил";Флуд
Ой да ну тебя;Флуд
"Мальчики, не ссорьтесь, купите лучше мне теслу";Флуд
"Губу раскатала, надь";Флуд
"Завтра будет 2 года со смерти бабы клавы, помянем";Флуд
"Ребят, какую лучше видеокарту купить в районе 20 тысяч";Флуд
"Ну возьми лучше ноутбук мощный, это удобнее";Флуд
"нет, я хочу именно компьютер собрать, ноутбук у меня и так есть";Флуд
"Завтра будет свадьба Николая Васильевича, он сказал зайти на чай, так что готовим подарки";Флуд
ХАахаха наконец-то старик женился;Флуд
"Да уж, долго он искал себе вторую половинку";Флуд
"Да чё вы издеваетесь над ним, ну долго искал человек своё счастье";Флуд
"Купил сегодня своей жене браслет за 500 рублей, я теперь такой заботливый";Флуд
"Пфф, мог купить уж и подороже с зарплатой 500000 рублей.";Флуд
Зачем тратиться на всякую фигню так много;Флуд
Хватит присылать сюда спам;Флуд
"Привет, народ, я  новенький, меня зовут Влад";Флуд
"Привет, влад";Флуд
"Ахаха чел даже не понимает, что мы над ним будем смеяться";Флуд
"Если кто-то хочет придти ко мне на день рождения, то всех жду";Флуд
"ребят, завтра др у люды, давайте купим ей розы";Флуд
"Розы это скучно, пошлите купим дорогой виски или вино";Флуд
"Я за то, чтобы мы купили ей выпивку или тортик, розы бесполезны";Флуд
"Завтра будет собрание, всем одеться поприличнее";Флуд
"Я надену кроссовки, мне плевать";Флуд
"Ну и фиг с тобой, вась";Флуд
"Купил вчера микрофон себе новый, вернул обратно в магазин, браковнный оказался";Флуд
"Ребят, я создал канал на ютубе, подпишитесь";Флуд
"Да никому не нужен твой ютуб канал, коля";Флуд
Я там делаю различные видео по программированию;Флуд
Всем плевать;Флуд
И что забыли огрызки от яблок у меня на столе? кто это сделал?;Флуд
"извини, я кушал яблоки и забыл выкинуть";Флуд
"Убери мусор за собой, пожалуйста";Флуд
"Куплю себе ладу гранту, лучший автомобиль на свете, самый красивый и функциональный, вообще пушка";Флуд
АХахаххахаах гранту купил. Вот я купил машину за лям;Флуд
так она у тебя битая машина;Флуд
"и что, что машина битая? зато иномарка!";Флуд
"Ребят, помогите, у меня сломался двигатель, кто может забрать меня до работы?";Флуд
Я заплачу за бензин;Флуд
"ребят, верните мой кошелёк, я оставил его в буфете";Флуд
"прикиньте, меня сегодня тётя люба в буфете угостила дополнительной порцией макарон";Флуд
Гречка лучше макарон вообще-то;Флуд
Я предпочитаю кушать гречку только с гуляшём;Флуд
Так гречка сухая слишком;Флуд
Макароны тоже не особо сочные. Я люблю плов!;Флуд
"Сегодня был в ашане, какие же тут наглые консультанты и охраники";Флуд
"Да, в ашане охранники постоянно докапываются";Флуд
"Это фигня, я когда был в ленте, за мной охранник ходил, потому что я с растрёпанными волосами был";Флуд
"Знали бы вы, мальчики, как трудно сделать красивую причёску девушке";Флуд
"Я вот сделала мелирование, покрасилась в пепельный, использую бальзам, шампунь, ещё там всякую фигню";Флуд
"Ну так я тоже делал мелирование и пепельное окрашивание, ничего в этом трудного нет";Флуд
"Так у тебя волосы короткие, вадим";Флуд
Сегодня сделал новое место для своего котика;Флуд
Котик Жора сегодня меня разбудил с Утра;Флуд
"блин, я проспал, опоздаю в офис";Флуд
"Сегодня у нас в офисе ремонт, так что работаём удалённо";Флуд
"Чёрт, я там оставил в холодильнике творог, он ж испортится";Флуд
"Ремонт в офисе будет лишь пару дней, не испортится";Флуд
Так у творога этого срок годности кончается завтра;Флуд
"Ладно, приходи за своим творогом, но только быстро";Флуд
"Спасибо, николай васильевич";Флуд
"Ребята, перезаполните документы, у нас обновили регламент";Флуд
"Завтра приедет ко мне наконец-то новый ноутбук, я заказал его с алиэкспресса за 10к";Флуд
"ты что, он же будет медленным с алика";Флуд
"Нет, я верю, что мой ноутбук будет работать хорошо";Флуд
"Вера, а как жарить рыбу в кляре?";Флуд
"Ну сначала сделай кляр, потом нарежь рыбу на кусочки филейные, обмочи в кляре и жарь";Флуд
А что такое филе рыбы?;Флуд
мда... это кусок рыбы без косточек;Флуд
"Понятно, спасибо. Буду теперь знать";Флуд
Мне просто обычно мама готовит;Флуд
ахахах школьник живёт с мамой;Флуд
мне потому что 19 лет;Флуд
а ты живёшь с женой-абьюзером;Флуд
"Саш, я тебе в офисе же лицо разобью";Флуд
"Ну попробуй, жирдяй, я то на  бокс хожу";Флуд
"Успокойтесь, мальчики";Флуд
"Ребят, одолжите кто-то срочно переноску для кошек. Отвезу свою кошечку в больницу";Флуд
"Я одолжу, а что у тебя с кошкой?";Флуд
"Да не знаю, вот буду проверять, а то она в машине прыгает";Флуд
"Какой принтер лучше купить, народ?";Флуд
"Я думаю, что любой принтер будет хорошим, а тебе зачем, у нас же в офисе всё есть?";Флуд
"Да я домой хочу купить, буду тут печатать";Флуд
"Господа, сегодня работаем удалённо, сломался турникет";Флуд
"Блин, а я хотел сегодня попробовать пиццу в буфете";Флуд
"Ну завтра попробуешь, ничего страшного";Флуд
"Ребят, есть у кого-то сахар? у меня кончился, в чай добавить нечего";Флуд
Я могу дать тебе варенье или печенек сладких для чая;Флуд
"Давай, а то совсем уж пресно";Флуд
"Фу, чай с сахаром пить, я вот пью без всего чай, так лучше чувствуется его вкус";Флуд
Кто пробовал глотать лампочку? а то у меня походу гастрит или язва;Флуд
"Я глотала, не самое приятное ощущение";Флуд
"Сходи лучше в платную поликлинику, там это менее болезненно";Флуд
"Хорошо, пойду тогда в платную больницу";Флуд
Почему у меня не работает клавиатура новая?;Флуд
Компьютер перезагрузи и клавиатура заработает;Флуд
"Ребят, что приготовить из картошки, сыра и курицы?";Флуд
Попробуй запечь всё вместе в духовке;Флуд
А как это запекать вместо то?;Флуд
"Никит, ты как будто впервые сам готовишь. Нарежь курицу, нарежь картошку, перемешай и засыпь всё сыром сверху";Флуд
"Понятно, спасибо. Надеюсь, получистя вкусно курица";Флуд
"Ребят, никому не нужен старый телефон мой? покупал 2 года назад";Флуд
"Давай мне, я куплю его за 7 тысяч";Флуд
"Ну значит в офисе продам, буду через минут 30";Флуд
"В офисе кончились ручки писать, купите кто-нибудь по пути, пожалуйста";Флуд
С днём рождения;Флуд
Всех с пасхой!;Флуд
"Ребят, сегодня новый год, всех поздравляю";Флуд
"Завтра митинг, так что все на дистанционке работаем завтра";Флуд
Что делать с гастритом или язвой;Флуд
"ребят, какое лучше лекарство для горла";Флуд
Я купил новый телефон;Флуд
"Смотрите, какой я сильный";Флуд
"Фу, какой ты противный";Флуд
Я купила себе платье новое;Флуд
"Простите, но я устал. Я ухожу";Флуд
"Купил себе наушники новые, а они сломались";Флуд
"Завтра поеду на маршрутке, фу";Флуд
"Ребят, купите мне кто-то в офис чай, пожалуйста";Флуд
"Народ, пошлите завтра на новогодний праздник";Флуд
"Ребят, есть кто на дне города около набережной?";Флуд
купите в офис сахар кубиками;Флуд
"Ребят, в офисе сломался чайник, все сдаём по 250 рублей на новый";Флуд
"Я не пью чай, не буду скидываться";Флуд
"Вася, у меня колёса пристыли ко льду, что делать?";Флуд
"Скоро приеду, вытащу тебя, выдерну";Флуд
"Ребят, дайте номер нормального сантехника ";Флуд
"Вызовите электрика, у меня розетка коротнула";Флуд
"Посмотрел вчера фильм, такой крутой";Флуд
Я давно не смотрел фильмы;Флуд
"Ребят, советую всем глянуть сериал один";Флуд
Я хочу спать;Флуд
Выпей кофе;Флуд
"Скажите мне, что делать, если у меня болит нога";Флуд
"Ребята, я не приду сегодня, у меня болит голова";Флуд
какие таблетки лучше всего помогают от головной боли;Флуд
"Ребят, я сегодня побил свой рекорд. Разогнался до 50 км/ч";Флуд
"Тормоз ты, вася, я ехал 250 км/ч";Флуд
"Ты что, так нельзя ездить, запрещено";Флуд
Продам игры на PS4;Флуд
"Пошлите на выходных на день города, будет весело";Флуд
Мне надоела эта работа;Флуд
"Так уходи, никто тебя не держит";Флуд
Так вы держите;Флуд
"Фу, видели бы вы, как Илья кушает в столовой, противно";Флуд
"Завтра будет ровно год, как наша компания поменяла название на ГИПЕРУМ";Флуд
"Осталось всего 2 билета на концерт инстасамки, все покупайте по скидке";Флуд
"Позавчера, кто поцарапал крыло моей ласточки";Флуд
Вчера ко мне в окно залетел голубь. Мне страшно;Флуд
"Что делать, если я упал с кровати";Флуд
"Помогите, у меня за кроватью паук, он идёт ко мне";Флуд
"Завтра день нерабочий, у меня родился сын, всем премию";Флуд
"Надоела эта зима, я хочу лето";Флуд
"Ребят, кто пойдёт на пляж?";Флуд
